{
  "version": 1,
  "author": "Anderson Costa",
  "editor": "wokwi",
  "parts": [
    { "type": "wokwi-breadboard-mini", "id": "bb1", "top": -1.4, "left": -2.4, "attrs": {} },
    {
      "type": "wokwi-pi-pico",
      "id": "pico",
      "top": 77.5,
      "left": 55.65,
      "rotate": 90,
      "attrs": { "env": "micropython-20220618-v1.19.1" }
    },
    { "type": "wokwi-led", "id": "led1", "top": -22.8, "left": 23, "attrs": { "color": "red" } },
    {
      "type": "wokwi-led",
      "id": "led2",
      "top": -22.8,
      "left": 61.4,
      "attrs": { "color": "gold" }
    },
    {
      "type": "wokwi-led",
      "id": "led3",
      "top": -22.8,
      "left": 99.8,
      "attrs": { "color": "green" }
    },
    {
      "type": "wokwi-resistor",
      "id": "r1",
      "top": 62.4,
      "left": 18.65,
      "rotate": 90,
      "attrs": { "value": "330" }
    },
    {
      "type": "wokwi-resistor",
      "id": "r2",
      "top": 62.4,
      "left": 57.05,
      "rotate": 90,
      "attrs": { "value": "330" }
    },
    {
      "type": "wokwi-resistor",
      "id": "r3",
      "top": 62.4,
      "left": 95.45,
      "rotate": 90,
      "attrs": { "value": "330" }
    }
  ],
  "connections": [
    [ "$serialMonitor:RX", "pico:GP0", "", [] ],
    [ "pico:GP11", "bb1:5b.j", "red", [ "v0" ] ],
    [ "pico:GP8", "bb1:9b.j", "orange", [ "v0" ] ],
    [ "pico:GP5", "bb1:13b.j", "green", [ "v0" ] ],
    [ "pico:GND.4", "bb1:2b.j", "black", [ "v0" ] ],
    [ "bb1:2b.f", "bb1:2t.d", "black", [ "v0" ] ],
    [ "bb1:2t.c", "bb1:4t.c", "black", [ "v0" ] ],
    [ "pico:GND.3", "bb1:7b.j", "black", [ "v0" ] ],
    [ "bb1:7t.c", "bb1:8t.c", "black", [ "v0" ] ],
    [ "bb1:7t.e", "bb1:7b.f", "black", [ "v0" ] ],
    [ "r1:1", "bb1:5t.d", "", [ "$bb" ] ],
    [ "r1:2", "bb1:5b.h", "", [ "$bb" ] ],
    [ "led1:A", "bb1:5t.b", "", [ "$bb" ] ],
    [ "led1:C", "bb1:4t.b", "", [ "$bb" ] ],
    [ "led3:A", "bb1:13t.b", "", [ "$bb" ] ],
    [ "led3:C", "bb1:12t.b", "", [ "$bb" ] ],
    [ "r2:1", "bb1:9t.d", "", [ "$bb" ] ],
    [ "r2:2", "bb1:9b.h", "", [ "$bb" ] ],
    [ "r3:1", "bb1:13t.d", "", [ "$bb" ] ],
    [ "r3:2", "bb1:13b.h", "", [ "$bb" ] ],
    [ "pico:GND.2", "bb1:12b.j", "black", [ "v0" ] ],
    [ "bb1:12b.f", "bb1:12t.e", "black", [ "v0" ] ],
    [ "led2:A", "bb1:9t.b", "", [ "$bb" ] ],
    [ "led2:C", "bb1:8t.b", "", [ "$bb" ] ]
  ],
  "dependencies": {}
}